-- Insert Data Karyawan
-- SELECT * FROM karyawan;
INSERT INTO karyawan VALUES
	('K0101', 'Wildan', 'Jl.Blimbing', '082555444777', 'Barista'),
	('K0102', 'Rina', 'Jl.Mawar', '081234567890', 'Waitress'),
	('K0103', 'Fajar', 'Jl.Sukun', '085678912345', 'Chef'),
	('K0104', 'Siti', 'Jl.Dahlia', '081112233445', 'Barista'),
    ('K0105', 'Budi', 'Jl.Tulip', '087654321098', 'Waiter'),
    ('K0106', 'Lina', 'Jl.Krisan', '081223344556', 'Cashier'),
    ('K0107', 'Andi', 'Jl.Melati', '082987654321', 'Chef'),
    ('K0108', 'Rudi', 'Jl.Kaktus', '081234567890', 'Waiter'),
    ('K0109', 'Maya', 'Jl.Sirih', '085678912345', 'Chef'),
    ('K0110', 'Yoga', 'Jl.Anggrek', '081112233445', 'Barista'),
    ('K0111', 'Sara', 'Jl.Teratai', '087654321098', 'Waitress'),
    ('K0112', 'Joko', 'Jl.Melur', '081223344556', 'Cashier'),
    ('K0113', 'Nina', 'Jl.Rose', '082987654321', 'Chef'),
    ('K0114', 'Hendro', 'Jl.Kamboja', '081234567890', 'Store Manager'),
    ('K0115', 'Eva', 'Jl.Daisy', '085678912345', 'Waitress'),
    ('K0116', 'Bambang', 'Jl.Lavender', '081112233445', 'Cashier'),
    ('K0117', 'Diana', 'Jl.Orchid', '087654321098', 'Barista'),
    ('K0118', 'Gita', 'Jl.Tulip', '081223344556', 'Barista'),
    ('K0119', 'Fida', 'Jl.Jasmine', '082987654321', 'Creative'),
    ('K0120', 'Fahri', 'Jl.Violet', '081234567890', 'Creative');

-- INSERT Data Shift
-- SELECT * FROM shift;
INSERT INTO shift VALUES('SS1', 'Senin', '10:00:00', '18:00:00'),
('SS2', 'Senin', '18:00:00', '02:00:00'),
('SL1', 'Selasa', '10:00:00', '18:00:00'),
('SL2', 'Selasa', '18:00:00', '02:00:00'),
('RB1', 'Rabu', '10:00:00', '18:00:00'),
('RB2', 'Rabu', '18:00:00', '02:00:00'),
('KM1', 'Kamis', '10:00:00', '18:00:00'),
('KM2', 'Kamis', '18:00:00', '02:00:00'),
('JM1', 'Jumat', '10:00:00', '18:00:00'),
('JM2', 'Jumat', '18:00:00', '02:00:00'),
('SB1', 'Sabtu', '10:00:00', '18:00:00'),
('SB2', 'Sabtu', '18:00:00', '02:00:00'),
('MG1', 'Minggu', '10:00:00', '18:00:00'),
('MG2', 'Minggu', '18:00:00', '02:00:00');

-- INSERT DATA SHIFT dan ID KARYAWAN
-- SELECT * FROM shift_karyawan;
INSERT INTO shift_karyawan VALUES
('K0101', 'SS1'), ('K0101', 'RB2'), ('K0101', 'SB1'),
('K0102', 'SS2'), ('K0102', 'KM2'), 
('K0103', 'SS1'), ('K0103', 'RB1'), ('K0103', 'JM1'), ('K0103', 'MG1'),
('K0104', 'SS2'), ('K0104', 'KM1'), ('K0104', 'SB2'),
('K0105', 'SS1'), ('K0105','SL1'), ('K0105', 'SB1'),
('K0106', 'SS1'), ('K0106', 'SL1'), ('K0106', 'KM2'), ('K0106', 'JM2'), ('K0106', 'MG1'),
('K0107', 'SS2'), ('K0107', 'RB2'), ('K0107', 'JM2'), ('K0107', 'MG2'),
('K0108', 'SS2'), ('K0107', 'KM1'), ('K0107', 'MG1'),
('K0109', 'SL1'), ('K0109', 'KM1'), ('K0109', 'SB1'),
('K0110', 'SL1'), ('K0110', 'KM2'), ('K0110', 'MG1'), 
('K0111', 'RB1'), ('K0111', 'JM1'), ('K0111', 'SB2'),
('K0112', 'SS2'), ('K0112', 'RB2'), ('K0112', 'KM1'), ('K0112', 'SB1'), ('K0112', 'MG2'),
('K0113', 'SL2'), ('K0113', 'KM2'), ('K0113', 'SB2'),
('K0114', 'SS1'), ('K0114', 'SS2'), ('K0114', 'JM1'), ('K0114', 'JM2'), ('K0114', 'MG1'),
('K0115', 'RB2'), ('K0115', 'JM2'), ('K0115', 'MG2'),
('K0116', 'SL2'), ('K0116', 'RB1'), ('K0116', 'JM1'), ('K0116', 'SB2'),
('K0117', 'SS2'), ('K0117', 'JM1'), ('K0117', 'MG2'),
('K0118', 'RB2'), ('K0118', 'JM2'),
('K0119', 'SL1'), ('K0119', 'MG2'),
('K0120', 'KM1'), ('K0120', 'SB2');

-- INSERT Data Produk 
-- SELECT * FROM produk;
INSERT INTO produk (id, nama, harga, jenis) values
('P004', 'Cappucino', 13000, 'Minuman'),
('P005', 'Tubruk Gula', 10000, 'Minuman'),
('P006', 'Tubruk Susu', 13000, 'Minuman'),
('P007', 'V60 Arabica', 15000, 'Minuman'),
('P008', 'V60 Robusta', 13000, 'Minuman'),
('P009', 'V.drip Arabica', 15000, 'Minuman'),
('P010', 'V.drip Robusta', 13000, 'Minuman'),
('P011', 'Ice Coffee Aren', 15000, 'Minuman'),
('P012', 'Ice Coffee Hazelnut', 15000, 'Minuman'),
('P013', 'Ice Coffee Banana', 15000, 'Minuman'),
('P014', 'Ice Coffee Rum', 15000, 'Minuman'),
('P015', 'Ice Coffee Milk', 15000, 'Minuman'),
('P016', 'Blue Breeze', 15000, 'Minuman'),
('P017', 'Mango Breeze', 15000, 'Minuman'),
('P018', 'Leci Breeze', 15000, 'Minuman'),
('P019', 'Strawberry Breeze', 15000, 'Minuman'),
('P020', 'Pineapple Breeze', 15000, 'Minuman'),
('P021', 'Strawberry Yakult', 15000, 'Minuman'),
('P022', 'Leci Yakult', 15000, 'Minuman'),
('P023', 'Melon Yakult', 15000, 'Minuman'),
('P024', 'Red Velvet', 15000, 'Minuman'),
('P025', 'Strawberry', 15000, 'Minuman'),
('P026', 'Taro Milk', 15000, 'Minuman'),
('P027', 'Mango Milk', 15000, 'Minuman'),
('P028', 'Melon Milk', 15000, 'Minuman'),
('P029', 'Matcha Milk', 15000, 'Minuman'),
('P030', 'Mocca Milk', 15000, 'Minuman');

INSERT INTO produk (id, nama, harga, jenis) values
('P031', 'Dark Choco', 15000, 'Minuman'),
('P032', 'Choco Rum', 15000, 'Minuman'),
('P033', 'Choco Banana', 15000, 'Minuman'),
('P034', 'Choco Tiramisu', 15000, 'Minuman'),
('P035', 'Choco Mint', 15000, 'Minuman'),
('P036', 'Mango Tea', 13000, 'Minuman'),
('P037', 'Leci Tea', 13000, 'Minuman'),
('P038', 'Lemon Tea', 13000, 'Minuman'),
('P039', 'Pineapple Tea', 13000, 'Minuman'),
('P040', 'Strawberry Tea', 13000, 'Minuman'),
('P041', 'Teh Tarik', 13000, 'Minuman'),
('P042', 'Melon Float', 15000, 'Minuman'),
('P043', 'Mango Float', 15000, 'Minuman'),
('P044', 'Mocca Float', 15000, 'Minuman'),
('P045', 'Strawberry Float', 15000, 'Minuman'),
('P046', 'Leci Float', 15000, 'Minuman'),
('P047', 'Americano', 15000, 'Minuman'),
('P048', 'Fruitpunch', 15000, 'Minuman'),
('P049', 'Vanilla Blue', 18000, 'Minuman'),
('P050', 'Baileys Coffee Ice', 18000, 'Minuman');

INSERT INTO produk (id, nama, harga, jenis) values
('P051', 'Cireng', 15000, 'Makanan'),
('P052', 'Dimsum', 15000, 'Makanan'),
('P053', 'Seiko Donut', 13000, 'Makanan'),
('P054', 'Seiko Potato', 15000, 'Makanan'),
('P055', 'Seiko Platter', 18000, 'Makanan'),
('P056', 'Tahu Walik', 15000, 'Makanan'),
('P057', 'Tahu Crispy', 13000, 'Makanan'),
('P058', 'Omelette', 15000, 'Makanan'),
('P059', 'Onion Ring', 15000, 'Makanan'),
('P060', 'Waffle', 15000, 'Makanan'),
('P061', 'Bento', 18000, 'Makanan'),
('P062', 'Seiko Mie', 13000, 'Makanan'),
('P063', 'Seiko Mie Kuah', 15000, 'Makanan'),
('P064', 'Seiko Nasgor', 18000, 'Makanan'),
('P065', 'Nasi Gila', 18000, 'Makanan'),
('P066', 'Nasi Bakso', 15000, 'Makanan');

-- INSERT Data Supplier
-- SELECT * FROM supplier;
INSERT INTO supplier (id, nama, alamat, no_hp, perusahaan) values
('S0302', 'Wangga', 'Jl. Kenari, Arjuno', '083554661876', 'Petani Kopi'),
('S0303', 'Eko', 'Jl. Karsian, Flores NTT', '082331456877', 'Petani Kopi'),
('S0304', 'Putra', 'Jl. Ketintang, Sidoarjo', '0855438765459', 'PT. Senja'),
('S0305', 'Mega', 'Jl. Raya Rungkut, Surabaya', '088659873245', 'PT. Powder Rasa'),
('S0306', 'Rinjani', 'Jl. Raya Kalijati No.Km. 137, Subang', '081665487997', 'PT. Global Dairi Alami'),
('S0307', 'Rayyan', 'Jl. Kutogirang Ngoro, Mojokerto', '082129526366', 'PT. Aice Ice Cream'),
('S0308', 'Nindy', 'Jl. Industri Wendit Barat No.92 Pakis, Malang', '0813-5808-5758', 'CV. Seger Makmur Sentosa'),
('S0309', 'Lily', 'Jl. Ikan Tombro No.18 Lowokwaru, Malang', '083654876332', 'Cafe Sini Kopi'),
('S0310', 'Tito', 'Jl. Simpang Janti Barat I No.12 Sukun, Kota Malang', '083412995005', 'PT. Es Tube Atlas'),
('S0311', 'Yuni', 'Jl. Candi Mendut No. 30-32', '08341498512', 'Yulia Frozen Food'),
('S0312', 'Angela', 'Jl. SoekarnoHatta  No.402 Mojolangu, Malang', '081359359689', 'Toko KDele Frozen Food'),
('S0313', 'Santosa', 'Jl. Kyai Tamin No.18, Sukoharjo Klojen, Malang', '085442876521', ' Retail Dewa Dewi');

-- INSERT Data Pelanggan
-- SELECT * FROM pelanggan;
INSERT INTO pelanggan (id, nama, no_hp) VALUES
	('C202', 'Salma', '082765465788'),
    ('C203', 'Lina', '081234567890'),
    ('C204', 'Rudi', '085678912345'),
    ('C205', 'Diana', '081345678901'),
    ('C206', 'Andi', '082987654321'),
    ('C207', 'Sara', '085765432109'),
    ('C208', 'Budi', '081112233445'),
    ('C209', 'Eva', '087654321234'),
    ('C210', 'Fahri', '081223344556'),
    ('C211', 'Gita', '085667788990'),
    ('C212', 'Hendro', '081334455667'),
    ('C213', 'Ina', '087765432123'),
    ('C214', 'Joko', '081112233445'),
    ('C215', 'Karin', '085667788990'),
    ('C216', 'Lukman', '081334455667'),
    ('C217', 'Maya', '087765432123'),
    ('C218', 'Nina', '081112233445'),
    ('C219', 'Oscar', '085667788990'),
    ('C220', 'Prita', '081334455667'),
    ('C221', 'Qori', '087765432123'),
    ('C222', 'Rendra', '081112233445'),
    ('C223', 'Santi', '085667788990'),
    ('C224', 'Tono', '081334455667'),
    ('C225', 'Uci', '087765432123'),
    ('C226', 'Vina', '081112233445'),
    ('C227', 'Wawan', '085667788990'),
    ('C228', 'Xena', '081334455667'),
    ('C229', 'Yoga', '087765432123'),
    ('C230', 'Zara', '081112233445'),
    ('C231', 'Bambang', '085667788990'),
    ('C232', 'Citra', '081334455667'),
    ('C233', 'Dito', '087765432123'),
    ('C234', 'Elsa', '081112233445'),
    ('C235', 'Ferdi', '085667788990'),
    ('C236', 'Gina', '081334455667'),
    ('C237', 'Hanif', '087765432123'),
    ('C238', 'Joko', '081112233445'),
    ('C239', 'Siti', '087654321098'),
    ('C240', 'Tita', '081443654765');

-- Insert data Bahan Masuk
-- SELECT * FROM bahan_masuk;
INSERT INTO `bahan_masuk` (`id`, `nama_bahan`, `tanggal`, `jumlah`, `pembelian_bahan_id`) VALUES
('BM001', 'Biji Kopi Arjuno', '2022-12-20', 10, 'PB001'),
('BM002', 'Syrup', '2022-12-20', 12, 'PB002'),
('BM003', 'Powder Rasa', '2022-12-20', 15, 'PB003'),
('BM004', 'Susu MilkLife', '2022-12-20', 16, 'PB005'),
('BM005', 'Aice Es Krim', '2022-12-20', 20, 'PB006'),
('BM006', 'JoyMilk Es Krim', '2022-12-20', 16, 'PB007'),
('BM007', 'Teh', '2022-12-20', 8, 'PB008'),
('BM008', 'Sembako', '2022-12-20', 20, 'PB009'),
('BM009', 'Yulia Frozen Food', '2022-12-21', 12, 'PB010'),
('BM010', 'Fresh Frozen Food', '2022-12-21', 10, 'PB011'),
('BM011', 'Biji Kopi Flores', '2022-12-21', 25, 'PB004'),
('BM012', 'Es Batu', '2022-12-21', 10, 'PB012'),
('BM013', 'Es Batu', '2022-12-22', 10, 'PB014'),
('BM014', 'Es Batu', '2022-12-23', 10, 'PB016'),
('BM015', 'Syrup', '2022-12-24', 6, 'PB015'),
('BM016', 'Teh', '2022-12-24', 8, 'PB021'),
('BM017', 'Biji Kopi Arjuno', '2022-12-24', 10, 'PB013'),
('BM018', 'Es Batu', '2022-12-24', 10, 'PB019'),
('BM019', 'Joyday Es Krim', '2022-12-25', 16, 'PB020'),
('BM020', 'Susu MilkLife', '2022-12-25', 8, 'PB017'),
('BM021', 'Aice Es Krim', '2022-12-25', 20, 'PB018'),
('BM022', 'Es Batu', '2022-12-25', 10, 'PB023'),
('BM023', 'Powder Rasa', '2022-12-26', 5, 'PB024'),
('BM024', 'Fresh Frozen Food', '2022-12-26', 10, 'PB025'),
('BM025', 'Es Batu', '2022-12-26', 10, 'PB026'),
('BM026', 'Sembako', '2022-12-27', 20, 'PB027'),
('BM027', 'Es Batu', '2022-12-27', 10, 'PB028'),
('BM028', 'Es Batu', '2022-12-28', 10, 'PB031'),
('BM029', 'Biji Kopi Flores', '2022-12-29', 25, 'PB022'),
('BM030', 'Aice Es Krim', '2022-12-29', 20, 'PB029'),
('BM031', 'Powder Rasa', '2022-12-29', 8, 'PB030'),
('BM032', 'Es Batu', '2022-12-29', 10, 'PB033'),
('BM033', 'Es Batu', '2022-12-30', 10, 'PB034'),
('BM034', 'Biji Kopi Arjuno', '2022-12-31', 10, 'PB032'),
('BM035', 'Teh', '2022-12-31', 10, 'PB035'),
('BM036', 'Es Batu', '2022-12-31', 10, 'PB037'),
('BM037', 'Susu MilkLife', '2023-01-01', 4, 'PB036'),
('BM038', 'Es Batu', '2023-01-01', 10, 'PB039'),
('BM039', 'Es Batu', '2023-01-02', 10, 'PB041'),
('BM040', 'Susu MilkLife', '2023-01-03', 5, 'PB040'),
('BM041', 'Es Batu', '2023-01-03', 10, 'PB043'),
('BM042', 'Sembako', '2023-01-03', 15, 'PB042'),
('BM043', 'Es Batu', '2023-01-04', 10, 'PB044'),
('BM044', 'Es Batu', '2023-01-05', 10, 'PB046'),
('BM045', 'Yulia Frozen Food', '2023-01-05', 12, 'PB045'),
('BM046', 'Es Batu', '2023-01-06', 10, 'PB048'),
('BM047', 'Teh', '2023-01-06', 5, 'PB047'),
('BM048', 'Biji Kopi Flores', '2023-01-06', 20, 'PB038'),
('BM049', 'Es Batu', '2023-01-07', 10, 'PB050'),
('BM050', 'Aice Es Krim', '2023-01-08', 14, 'PB049'),
('BM051', 'Es Batu', '2023-01-08', 10, 'PB052'),
('BM052', 'Joyday Es Krim', '2023-01-09', 12, 'PB051');

-- INSERT bahan_keluar
-- SELECT * FROM bahan_keluar;
INSERT INTO `bahan_keluar` (`id`, `produk_id`, `nama_bahan`, `tanggal`, `jumlah`, `bahan_masuk_id`) VALUES
('BK001', 'P015', 'Es Batu', '2022-12-21', 1, 'BM012'),
('BK002', 'P015', 'Susu MilkLife', '2022-12-21', 1, 'BM004'),
('BK003', 'P015', 'Biji Kopi Arjuno', '2022-12-21', 1, 'BM001'),
('BK004', 'P005', 'Sembako(Gula)', '2022-12-21', 1, 'BM008'),
('BK005', 'P005', 'Biji Kopi Arjuno', '2022-12-21', 1, 'BM001'),
('BK006', 'P020', 'Es Batu', '2022-12-21', 1, 'BM012'),
('BK007', 'P020', 'Syrup Pinapple', '2022-12-21', 1, 'BM002'),
('BK008', 'P019', 'Es Batu', '2022-12-21', 1, 'BM012'),
('BK009', 'P019', 'Syrup Strawberry', '2022-12-21', 1, 'BM002'),
('BK010', 'P042', 'Es Batu', '2022-12-21', 1, 'BM012'),
('BK011', 'P042', 'Syrup Melon', '2022-12-21', 1, 'BM002'),
('BK012', 'P042', 'Aice Es Krim ', '2022-12-21', 1, 'BM005'),
('BK013', 'P015', 'Biji Kopi Arjuno', '2022-12-21', 1, 'BM001'),
('BK014', 'P015', 'Sembako(Gula)', '2022-12-21', 1, 'BM008'),
('BK015', 'P042', 'Es Batu', '2022-12-21', 1, 'BM012'),
('BK016', 'P042', 'Syrup Melon', '2022-12-21', 1, 'BM002'),
('BK017', 'P042', 'Aice Es Krim ', '2022-12-21', 1, 'BM005'),
('BK018', 'P033', 'Es Batu', '2022-12-22', 1, 'BM013'),
('BK019', 'P033', 'Powder Choco Banana', '2022-12-22', 1, 'BM003'),
('BK020', 'P034', 'Es Batu', '2022-12-22', 1, 'BM013'),
('BK021', 'P034', 'Powder Choco Tiramisu', '2022-12-22', 1, 'BM003'),
('BK022', 'P005', 'Biji Kopi Arjuno', '2022-12-22', 1, 'BM001'),
('BK023', 'P005', 'Sembako (Gula)', '2022-12-22', 1, 'BM008'),
('BK024', 'P024', 'Es Batu', '2022-12-22', 1, 'BM013'),
('BK025', 'P024', 'Susu MilkLife', '2022-12-22', 1, 'BM004'),
('BK026', 'P024', 'Powder RedVelvet', '2022-12-22', 1, 'BM003'),
('BK027', 'P029', 'Es Batu', '2022-12-22', 1, 'BM013'),
('BK028', 'P029', 'Susu MilkLife', '2022-12-22', 1, 'BM004'),
('BK029', 'P029', 'Powder Matcha', '2022-12-22', 1, 'BM003'),
('BK030', 'P024', 'Es Batu', '2022-12-22', 1, 'BM013'),
('BK031', 'P024', 'Susu MilkLife', '2022-12-22', 1, 'BM004'),
('BK032', 'P024', 'Powder RedVelvet', '2022-12-22', 1, 'BM003'),
('BK033', 'P029', 'Es Batu', '2022-12-22', 1, 'BM013'),
('BK034', 'P029', 'Susu MilkLife', '2022-12-22', 1, 'BM004'),
('BK035', 'P029', 'Powder Matcha', '2022-12-22', 1, 'BM003'),
('BK036', 'P005', 'Biji Kopi Arjuno', '2022-12-22', 1, 'BM001'),
('BK037', 'P005', 'Sembako (Gula)', '2022-12-22', 1, 'BM008'),
('BK038', 'P006', 'Biji Kopi Arjuno', '2022-12-22', 1, 'BM001'),
('BK039', 'P006', 'Sembako (Gula)', '2022-12-22', 1, 'BM008'),
('BK040', 'P006', 'Susu MilkLife', '2022-12-22', 1, 'BM004'),
('BK041', 'P032', 'Es Batu', '2022-12-23', 1, 'BM014'),
('BK042', 'P032', 'Susu MilkLife', '2022-12-23', 1, 'BM004'),
('BK043', 'P032', 'Powder Choco', '2022-12-23', 1, 'BM003'),
('BK044', 'P032', 'Rum (Sembako)', '2022-12-23', 1, 'BM008'),
('BK045', 'P026', 'Es Batu', '2022-12-23', 1, 'BM014'),
('BK046', 'P026', 'Susu MilkLife', '2022-12-23', 1, 'BM004'),
('BK047', 'P026', 'Powder Taro', '2022-12-23', 1, 'BM003'),
('BK048', 'P054', 'Kentang Frozen Food', '2022-12-23', 1, 'BM009'),
('BK049', 'P054', 'Kentang Frozen Food', '2022-12-23', 1, 'BM009'),
('BK050', 'P024', 'Es Batu', '2022-12-23', 1, 'BM014'),
('BK051', 'P024', 'Susu MilkLife', '2022-12-23', 1, 'BM004'),
('BK052', 'P024', 'Powder RedVelvet', '2022-12-23', 1, 'BM003'),
('BK053', 'P033', 'Es Batu', '2022-12-23', 1, 'BM014'),
('BK054', 'P033', 'Susu MilkLife', '2022-12-23', 1, 'BM004'),
('BK055', 'P033', 'Powder Matcha', '2022-12-23', 1, 'BM003'),
('BK056', 'P033', 'Es Batu', '2022-12-23', 1, 'BM014'),
('BK057', 'P033', 'Susu MilkLife', '2022-12-23', 1, 'BM004'),
('BK058', 'P033', 'Powder Matcha', '2022-12-23', 1, 'BM003'),
('BK059', 'P060', 'Waffle Frozen Food', '2022-12-23', 1, 'BM009'),
('BK060', 'P033', 'Es Batu', '2022-12-23', 1, 'BM014'),
('BK061', 'P033', 'Susu MilkLife', '2022-12-23', 1, 'BM004'),
('BK062', 'P033', 'Powder Choco Banana', '2022-12-23', 1, 'BM003'),
('BK063', 'P051', 'Cireng Frozen Food', '2022-12-23', 1, 'BM010'),
('BK064', 'P011', 'Biji Kopi Flores', '2022-12-23', 1, 'BM011'),
('BK065', 'P011', 'Es Batu', '2022-12-23', 1, 'BM014'),
('BK066', 'P011', 'Susu MilkLife', '2022-12-23', 1, 'BM004'),
('BK067', 'P011', 'Syrup Aren', '2022-12-23', 1, 'BM002'),
('BK068', 'P012', 'Biji Kopi Flores', '2022-12-23', 1, 'BM011'),
('BK069', 'P012', 'Es Batu', '2022-12-23', 1, 'BM014'),
('BK070', 'P012', 'Susu MilkLife', '2022-12-23', 1, 'BM004'),
('BK071', 'P012', 'Syrup Hazelnut', '2022-12-23', 1, 'BM002'),
('BK072', 'P013', 'Biji Kopi Flores', '2022-12-23', 1, 'BM011'),
('BK073', 'P013', 'Susu MilkLife', '2022-12-23', 1, 'BM004'),
('BK074', 'P013', 'Syrup Hazelnut', '2022-12-23', 1, 'BM002'),
('BK075', 'P013', 'Es Batu', '2022-12-23', 1, 'BM014'),
('BK076', 'P019', 'Syrup Strawberry', '2022-12-24', 1, 'BM002'),
('BK077', 'P019', 'Es Batu', '2022-12-24', 1, 'BM015'),
('BK078', 'P017', 'Syrup Mango', '2022-12-24', 1, 'BM002'),
('BK079', 'P017', 'Es Batu', '2022-12-24', 1, 'BM015'),
('BK080', 'P057', 'Tahu Frozen Food', '2022-12-24', 1, 'BM010');

-- INSERT pembelian_bahan
-- SELECT * FROM pembelian_bahan;
INSERT INTO `pembelian_bahan` (`id`, `karyawan_id`, `tanggal`, `total_pembelian`, `supplier_id`) VALUES
('PB001', 'K0114', '2022-12-19', 350000, 'S0302'),
('PB002', 'K0114', '2022-12-19', 400000, 'S0304'),
('PB003', 'K0114', '2022-12-19', 250000, 'S0305'),
('PB004', 'K0114', '2022-12-19', 500000, 'S0303'),
('PB005', 'K0114', '2022-12-19', 380000, 'S0306'),
('PB006', 'K0114', '2022-12-19', 400000, 'S0307'),
('PB007', 'K0114', '2022-12-19', 300000, 'S0308'),
('PB008', 'K0106', '2022-12-20', 250000, 'S0309'),
('PB009', 'K0106', '2022-12-20', 650000, 'S0313'),
('PB010', 'K0106', '2022-12-20', 400000, 'S0311'),
('PB011', 'K0116', '2022-12-20', 310000, 'S0312'),
('PB012', 'K0116', '2022-12-20', 20000, 'S0310'),
('PB013', 'K0112', '2022-12-22', 350000, 'S0302'),
('PB014', 'K0112', '2022-12-22', 20000, 'S0310'),
('PB015', 'K0114', '2022-12-23', 400000, 'S0304'),
('PB016', 'K0112', '2022-12-23', 20000, 'S0310'),
('PB017', 'K0112', '2022-12-24', 380000, 'S0306'),
('PB018', 'K0112', '2022-12-24', 400000, 'S0307'),
('PB019', 'K0112', '2022-12-24', 20000, 'S0310'),
('PB020', 'K0116', '2022-12-24', 300000, 'S0308'),
('PB021', 'K0116', '2022-12-24', 250000, 'S0309'),
('PB022', 'K0114', '2022-12-25', 500000, 'S0303'),
('PB023', 'K0106', '2022-12-25', 20000, 'S0310'),
('PB024', 'K0114', '2022-12-25', 250000, 'S0305'),
('PB025', 'K0106', '2022-12-26', 310000, 'S0312'),
('PB026', 'K0106', '2022-12-26', 20000, 'S0310'),
('PB027', 'K0106', '2022-12-27', 650000, 'S0313'),
('PB028', 'K0106', '2022-12-27', 20000, 'S0310'),
('PB029', 'K0112', '2022-12-28', 400000, 'S0307'),
('PB030', 'K0112', '2022-12-28', 400000, 'S0304'),
('PB031', 'K0112', '2022-12-28', 20000, 'S0310'),
('PB032', 'K0106', '2022-12-29', 350000, 'S0302'),
('PB033', 'K0106', '2022-12-29', 20000, 'S0310'),
('PB034', 'K0116', '2022-12-30', 20000, 'S0310'),
('PB035', 'K0112', '2022-12-31', 310000, 'S0305'),
('PB036', 'K0112', '2022-12-31', 200000, 'S0306'),
('PB037', 'K0112', '2022-12-31', 20000, 'S0310'),
('PB038', 'K0114', '2023-01-01', 500000, 'S0303'),
('PB039', 'K0114', '2023-01-01', 20000, 'S0310'),
('PB040', 'K0106', '2023-01-02', 250000, 'S0306'),
('PB041', 'K0106', '2023-01-02', 20000, 'S0310'),
('PB042', 'K0106', '2023-01-03', 750000, 'S0313'),
('PB043', 'K0106', '2023-01-03', 20000, 'S0310'),
('PB044', 'K0116', '2023-01-04', 20000, 'S0310'),
('PB045', 'K0112', '2023-01-05', 400000, 'S0311'),
('PB046', 'K0112', '2023-01-05', 20000, 'S0310'),
('PB047', 'K0114', '2023-01-06', 150000, 'S0309'),
('PB048', 'K0114', '2023-01-06', 20000, 'S0310'),
('PB049', 'K0112', '2023-01-07', 280000, 'S0307'),
('PB050', 'K0112', '2023-01-07', 20000, 'S0310'),
('PB051', 'K0114', '2023-01-08', 270000, 'S0308'),
('PB052', 'K0106', '2023-01-08', 20000, 'S0310');

-- Insert produk_dibeli
-- SELECT * FROM produk_dibeli;
INSERT INTO `produk_dibeli` (`transaksi_id`, `produk_id`, `jumlah_produk`) VALUES
('T0001', 'P015', 1),
('T0002', 'P005', 2),
('T0002', 'P020', 1),
('T0003', 'P005', 1),
('T0003', 'P019', 1),
('T0004', 'P042', 2),
('T0004', 'P033', 2),
('T0004', 'P034', 1),
('T0005', 'P020', 3),
('T0005', 'P005', 1),
('T0006', 'P020', 2),
('T0006', 'P042', 2),
('T0007', 'P005', 2),
('T0007', 'P019', 5),
('T0008', 'P019', 2),
('T0008', 'P042', 1),
('T0009', 'P020', 1),
('T0010', 'P042', 2),
('T0011', 'P024', 2),
('T0012', 'P052', 2),
('T0012', 'P005', 1),
('T0013', 'P024', 3),
('T0014', 'P029', 2),
('T0015', 'P034', 2),
('T0015', 'P029', 2),
('T0016', 'P005', 1),
('T0017', 'P034', 1),
('T0017', 'P005', 1),
('T0018', 'P029', 4),
('T0019', 'P005', 2),
('T0019', 'P034', 1),
('T0020', 'P029', 2),
('T0021', 'P051', 2),
('T0022', 'P005', 2),
('T0022', 'P033', 3),
('T0023', 'P033', 1),
('T0024', 'P051', 2),
('T0025', 'P051', 2),
('T0025', 'P033', 2),
('T0026', 'P012', 2),
('T0027', 'P060', 2),
('T0028', 'P051', 2),
('T0028', 'P033', 1),
('T0029', 'P060', 1),
('T0030', 'P024', 5),
('T0031', 'P019', 5),
('T0032', 'P017', 2),
('T0032', 'P057', 2),
('T0033', 'P017', 2),
('T0034', 'P017', 2),
('T0035', 'P017', 4),
('T0036', 'P019', 6),
('T0037', 'P017', 1),
('T0038', 'P057', 2),
('T0039', 'P019', 1),
('T0040', 'P017', 5);

-- Insert transaksi
-- SELECT * FROM transaksi;
INSERT INTO `transaksi` (`id`, `pelanggan_id`, `karyawan_id`, `jenis_pembayaran`, `tanggal`, `total_harga`) VALUES
('T0001', 'C202', 'K0106', 'Cash', '2022-12-21', 15000),
('T0002', 'C202', 'K0106', 'Transfer Bank', '2022-12-21', 35000),
('T0003', 'C203', 'K0106', 'Transfer Bank', '2022-12-21', 25000),
('T0004', 'C204', 'K0106', 'Cash', '2022-12-21', 75000),
('T0005', 'C205', 'K0106', 'Cash', '2022-12-21', 55000),
('T0006', 'C206', 'K0112', 'Transfer Bank', '2022-12-21', 60000),
('T0007', 'C207', 'K0112', 'Cash', '2022-12-21', 95000),
('T0008', 'C208', 'K0112', 'Transfer Bank', '2022-12-21', 45000),
('T0009', 'C209', 'K0112', 'Cash', '2022-12-21', 15000),
('T0010', 'C210', 'K0112', 'Transfer Bank', '2022-12-21', 30000),
('T0011', 'C211', 'K0114', 'Cash', '2022-12-22', 30000),
('T0012', 'C212', 'K0114', 'Transfer Bank', '2022-12-22', 40000),
('T0013', 'C213', 'K0114', 'Cash', '2022-12-22', 55000),
('T0014', 'C214', 'K0114', 'Cash', '2022-12-22', 30000),
('T0015', 'C215', 'K0114', 'Transfer Bank', '2022-12-22', 30000),
('T0016', 'C216', 'K0116', 'Transfer Bank', '2022-12-22', 10000),
('T0017', 'C217', 'K0116', 'Cash', '2022-12-22', 25000),
('T0018', 'C218', 'K0116', 'Transfer Bank', '2022-12-22', 60000),
('T0019', 'C219', 'K0116', 'Cash', '2022-12-22', 25000),
('T0020', 'C220', 'K0116', 'Cash', '2022-12-22', 15000),
('T0021', 'C221', 'K0106', 'Transfer Bank', '2022-12-23', 30000),
('T0022', 'C222', 'K0106', 'Transfer Bank', '2022-12-23', 45000),
('T0023', 'C223', 'K0106', 'Cash', '2022-12-23', 15000),
('T0024', 'C224', 'K0106', 'Cash', '2022-12-23', 30000),
('T0025', 'C225', 'K0106', 'Transfer Bank', '2022-12-23', 60000),
('T0026', 'C226', 'K0112', 'Cash', '2022-12-23', 30000),
('T0027', 'C227', 'K0112', 'Transfer Bank', '2022-12-23', 30000),
('T0028', 'C228', 'K0112', 'Cash', '2022-12-23', 15000),
('T0029', 'C229', 'K0112', 'Transfer Bank', '2022-12-24', 15000),
('T0030', 'C230', 'K0112', 'Transfer Bank', '2022-12-23', 75000),
('T0031', 'C231', 'K0114', 'Cash', '2022-12-24', 75000),
('T0032', 'C232', 'K0114', 'Transfer Bank', '2022-12-24', 60000),
('T0033', 'C233', 'K0114', 'Cash', '2022-12-24', 30000),
('T0034', 'C234', 'K0114', 'Cash', '2022-12-24', 30000),
('T0035', 'C235', 'K0114', 'Transfer Bank', '2022-12-24', 60000),
('T0036', 'C236', 'K0116', 'Cash', '2022-12-24', 90000),
('T0037', 'C237', 'K0116', 'Transfer Bank', '2022-12-24', 15000),
('T0038', 'C238', 'K0116', 'Transfer Bank', '2022-12-24', 30000),
('T0039', 'C239', 'K0116', 'Cash', '2022-12-24', 15000),
('T0040', 'C240', 'K0116', 'Cash', '2022-12-24', 75000);